"1","","0.835040591","0","61.92858913","0.0","0.0","1","4","4.0","3.0","0","46.0","47.0"
"1","0.631525164","0.695949481","0","57.78143652","2.0","2.0","1","4","3.0","3.0","1","87.0","38.0"
"1","0.463093761","0.758485855","-1","","2.0","2.0","1","","3.0","2.0","0","39.0","55.0"
"0","0.719956621","0.32803191","-1","55.98282019","1.0","2.0","4","2","1.0","2.0","1","64.0","48.0"
"1","0.335459911","0.372360255","0","78.13323096","3.0","3.0","3","3","3.0","2.0","1","48.0","33.0"
"1","0.243791063","0.460968941","0","63.79223269","2.0","1.0","1","5","3.0","3.0","1","49.0","10.0"
"1","0.475528617","0.386411773","0","67.48333776","2.0","2.0","4","5","4.0","2.0","0","70.0","52.0"
"0","0.768855326","0.632248495","1","79.2584009","1.0","1.0","5","5","1.0","","0","43.0","41.0"
"1","-0.008283012","0.566473117","0","69.85133807","3.0","2.0","5","","2.0","3.0","0","49.0","38.0"
"0","0.603071027","0.817082548","0","50.2352199","1.0","1.0","3","3","1.0","3.0","1","32.0","40.0"
"1","","0.314188667","0","70.83577684","2.0","3.0","1","2","1.0","2.0","0","47.0","59.0"
"1","0.577316081","0.759829337","","55.16511174","2.0","2.0","2","5","4.0","5.0","1","56.0","64.0"
"1","0.535722924","0.278421783","-1","60.61132593","3.0","2.0","4","4","2.0","4.0","0","","40.0"
"0","0.61103786","0.516471011","-1","67.60668747","1.0","2.0","3","5","3.0","1.0","0","23.0","52.0"
"1","0.613107953","0.534857645","1","69.49014522","2.0","","2","4","5.0","2.0","1","39.0","73.0"
"1","0.67309642","","1","80.90258147","2.0","4.0","","5","4.0","4.0","1","71.0","47.0"
"0","0.705248056","0.791832155","0","65.0463539","1.0","2.0","5","3","2.0","3.0","0","55.0","42.0"
"0","0.642271052","","-1","56.79112389","1.0","0.0","","2","3.0","","0","43.0","30.0"
"1","0.519099156","0.376200026","1","60.27382276","3.0","1.0","3","5","2.0","2.0","1","31.0","31.0"
"1","0.612965053","","0","79.33666059","4.0","3.0","1","3","3.0","3.0","0","73.0","26.0"
"0","0.410345784","0.231389221","-1","66.36755755","0.0","0.0","1","1","3.0","4.0","0","","4.0"
"0","0.347834318","0.110576921","1","56.97194961","0.0","3.0","5","2","1.0","4.0","1","50.0","60.0"
"1","0.531040775","0.615371693","0","64.81483449","2.0","-1.0","5","1","2.0","1.0","1","55.0","76.0"
"1","0.450109135","0.757228978","0","71.9581959","2.0","1.0","4","3","3.0","2.0","1","63.0","51.0"
"0","0.713909169","0.386863038","1","66.90449497","1.0","3.0","2","4","3.0","2.0","0","","24.0"
"0","0.360853814","0.718195629","1","59.10049418","1.0","2.0","3","2","3.0","3.0","1","40.0","52.0"
"0","0.571639434","0.411944656","0","64.17841211","1.0","2.0","1","3","3.0","3.0","1","54.0","66.0"
"0","0.25986384","0.398497464","0","67.78782467","1.0","1.0","4","3","2.0","2.0","1","49.0","7.0"
"1","0.435034594","0.348013015","1","77.75608136","2.0","2.0","1","4","2.0","2.0","0","55.0","38.0"
"1","0.803597724","0.454838159","0","58.28107","2.0","2.0","4","","1.0","2.0","1","66.0","65.0"
"1","0.238927396","0.621402511","1","68.71464158","2.0","1.0","1","2","1.0","1.0","0","25.0","10.0"
"0","0.494077654","0.634433356","1","66.72295018","-1.0","3.0","3","2","1.0","3.0","1","58.0","46.0"
"1","0.590846647","0.745681613","1","68.80061216","2.0","1.0","5","2","2.0","3.0","0","66.0",""
"1","0.505601492","0.512910581","","67.99337776","2.0","0.0","","1","","3.0","1","67.0","27.0"
"0","0.757824247","0.411196826","-1","66.56772347","1.0","1.0","2","4","2.0","3.0","1","24.0","23.0"
"0","0.366007517","0.29006251","-1","77.60331077","0.0","1.0","1","3","4.0","1.0","0","64.0","50.0"
"1","0.484742603","0.481664951","1","59.2978147","2.0","1.0","2","","4.0","1.0","0","81.0","80.0"
"0","0.41729529","0.158735413","-1","","1.0","0.0","5","5","2.0","3.0","1","57.0","24.0"
"0","0.327304224","0.35754617","-1","62.70796844","","3.0","2","4","1.0","2.0","1","69.0",""
"0","0.751416879","0.150103301","0","77.64544596","0.0","","5","4","1.0","3.0","1","62.0","39.0"
"0","0.237215374","0.551628157","1","51.59687134","1.0","1.0","2","5","4.0","4.0","0","62.0","59.0"
"0","0.219568925","","1","66.70715796","1.0","2.0","3","3","3.0","2.0","1","77.0","20.0"
"1","0.600351302","0.05073352","0","74.26717794","2.0","3.0","3","4","3.0","2.0","1","53.0","51.0"
"0","0.563637059","0.215543423","0","74.26495597","0.0","0.0","2","4","3.0","1.0","0","62.0","56.0"
"0","0.865287826","0.597172613","0","63.91485503","1.0","1.0","4","5","5.0","4.0","0","63.0","30.0"
"1","0.72203064","0.172046102","1","71.76774985","2.0","0.0","3","1","2.0","0.0","0","","78.0"
"1","0.598713698","0.588394847","0","61.19123724","2.0","2.0","2","1","3.0","4.0","0","91.0","17.0"
"1","","0.519231322","-1","62.26281764","1.0","2.0","1","2","4.0","2.0","1","66.0","49.0"
"0","0.689737144","0.565915138","1","58.15915838","1.0","2.0","5","2","4.0","2.0","0","23.0","51.0"
"0","0.315024983","0.446907044","-1","72.70164711","0.0","1.0","","1","2.0","4.0","0","62.0","85.0"
"1","0.591701357","0.487105218","1","72.69295818","3.0","1.0","2","5","4.0","2.0","0","36.0","30.0"
"0","0.52675297","0.184879847","1","65.39027541","1.0","4.0","1","4","3.0","2.0","0","9.0","84.0"
"1","","0.734660253","1","63.49846745","0.0","1.0","4","4","3.0","2.0","1","50.0","36.0"
"0","0.493749779","0.115590237","","62.49879324","1.0","0.0","","1","5.0","4.0","0","-1.0","51.0"
"0","0.394738961","0.252903412","-1","72.58315176","1.0","4.0","5","5","2.0","3.0","1","65.0","9.0"
"1","0.455796655","0.373767718","1","64.18828879","2.0","2.0","3","2","5.0","","1","","62.0"
"1","0.481531517","0.699252528","0","53.27884259","2.0","2.0","4","2","3.0","3.0","0","29.0","31.0"
"0","0.555021214","0.748283134","0","70.11619947","0.0","3.0","1","4","3.0","2.0","0","28.0","38.0"
"0","0.608638425","0.198839867","-1","63.30137421","1.0","1.0","5","3","4.0","2.0","1","63.0","53.0"
"1","0.550960501","0.109378166","1","73.3791394","3.0","1.0","3","3","3.0","3.0","0","","53.0"
"1","","","-1","","1.0","2.0","1","1","3.0","5.0","0","44.0","20.0"
"0","0.021015873","0.30130806","0","65.15515628","","3.0","2","2","3.0","","0","16.0","84.0"
"1","0.613728929","0.702872007","0","74.09756625","3.0","0.0","3","4","1.0","2.0","0","60.0","51.0"
"0","0.649254764","0.422628226","","67.07457499","1.0","1.0","5","2","2.0","2.0","0","22.0","83.0"
"0","0.652153061","0.397496112","1","57.5219853","1.0","","4","5","2.0","2.0","1","96.0","46.0"
"0","0.577621189","0.418411271","0","44.67347508","","2.0","2","3","3.0","4.0","0","25.0","63.0"
"0","0.361471664","0.759604785","-1","66.73773509","1.0","1.0","4","5","4.0","2.0","0","-1.0",""
"0","0.534538359","0.527015794","0","59.87083206","1.0","1.0","1","4","2.0","2.0","0","69.0",""
"0","0.0748146","0.260402456","0","73.10967394","1.0","1.0","2","3","","2.0","1","","36.0"
"0","0.804993008","0.11876215","0","70.85385895","0.0","2.0","1","1","3.0","1.0","1","28.0","16.0"
"1","0.46168028","","1","80.02938541","3.0","2.0","4","5","4.0","2.0","0","30.0","90.0"
"1","0.016720256","0.48963581","0","54.31098964","2.0","2.0","5","1","1.0","1.0","0","24.0","55.0"
"1","0.52795803","0.85254486","0","71.16541376","2.0","2.0","5","5","2.0","2.0","1","54.0","43.0"
"0","0.962446959","0.863754261","0","65.27600549","0.0","1.0","1","1","4.0","","1","56.0","53.0"
"0","0.655949254","0.400665865","1","55.02137187","1.0","0.0","2","5","2.0","2.0","1","82.0","68.0"
"1","0.19992953","0.569530611","1","69.80322297","3.0","1.0","5","4","5.0","3.0","0","","37.0"
"0","0.79127753","0.391343805","1","75.39990277","1.0","2.0","3","5","2.0","2.0","1","72.0","36.0"
"1","0.056867669","0.143378635","1","60.09453286","2.0","2.0","1","3","2.0","4.0","1","48.0","50.0"
"0","0.52292603","0.245144764","0","62.75428304","0.0","0.0","2","4","1.0","2.0","1","",""
"0","0.621786794","0.882688233","1","65.54267944","0.0","2.0","1","2","3.0","2.0","1","55.0","42.0"
"0","0.557617271","0.440138153","-1","60.42168527","0.0","2.0","3","5","2.0","3.0","1","18.0","56.0"
"0","0.835339136","0.458912131","1","64.8700413","1.0","0.0","3","4","2.0","2.0","0","77.0","27.0"
"1","0.765244079","0.585496752","0","54.9468334","2.0","1.0","4","1","3.0","3.0","0","70.0","52.0"
"1","0.336493038","0.379536826","","68.24315405","3.0","0.0","5","5","3.0","","0","45.0","49.0"
"0","0.237050881","0.465111102","0","61.0948765","1.0","1.0","5","3","1.0","2.0","1","33.0","53.0"
"0","0.506941093","0.432172871","-1","62.44350933","1.0","1.0","5","1","3.0","3.0","","61.0","49.0"
"0","0.513490863","0.657612204","0","66.14310399","1.0","2.0","1","2","2.0","2.0","0","66.0","69.0"
"0","0.538015829","0.254194441","-1","63.66708593","0.0","1.0","2","1","2.0","1.0","1","","31.0"
"0","0.506862497","0.732398272","1","66.64528899","1.0","2.0","2","4","1.0","1.0","1","104.0","37.0"
"1","0.539579925","0.166375753","1","57.58073896","2.0","","2","3","3.0","3.0","0","33.0","18.0"
"0","0.642499107","0.115361769","0","74.91286555","0.0","1.0","4","4","","3.0","1","23.0","71.0"
"1","0.853245293","0.741017606","1","54.89060158","3.0","2.0","2","4","2.0","2.0","0","26.0","59.0"
"0","0.544078208","0.787183972","","65.37706005","","0.0","5","3","2.0","2.0","1","44.0","53.0"
"0","0.15441843","0.698292974","-1","","1.0","1.0","5","2","2.0","3.0","1","27.0","36.0"
"1","0.787673932","","1","56.79088197","4.0","2.0","4","5","3.0","2.0","1","86.0","40.0"
"0","0.766419197","0.518703228","1","63.92938002","","3.0","2","2","2.0","0.0","1","42.0","26.0"
"0","0.676488896","0.52403913","0","56.24434761","-1.0","1.0","3","3","3.0","2.0","0","28.0","27.0"
"0","0.134704773","0.535365904","0","72.38541502","1.0","1.0","4","1","1.0","2.0","1","33.0","44.0"
"1","0.418038943","-0.032260162","1","69.04660235","2.0","4.0","1","4","2.0","2.0","0","60.0","22.0"
"1","0.4053524","0.365301154","-1","56.0639619","2.0","1.0","3","5","1.0","4.0","1","","60.0"
"0","0.556639129","0.646262554","1","73.12881366","1.0","0.0","","1","","1.0","1","","54.0"
"1","0.234401939","0.674497225","-1","72.21790546","3.0","2.0","5","5","3.0","2.0","0","37.0","56.0"
"1","0.65930466","1.043353552","0","69.30894581","3.0","3.0","4","3","1.0","","1","27.0","19.0"
"1","0.157656829","0.61219338","-1","72.45895407","3.0","0.0","4","","3.0","4.0","0","35.0","82.0"
"1","0.537285735","0.271654895","1","57.37309757","2.0","2.0","2","1","2.0","2.0","0","33.0","67.0"
"0","0.430647445","0.621603519","1","52.450843","0.0","1.0","","","3.0","1.0","0","69.0","15.0"
"1","0.426563109","0.663769754","-1","69.96175279","2.0","2.0","2","5","","1.0","0","52.0","43.0"
"1","0.807363602","","0","67.86500199","3.0","2.0","3","3","4.0","2.0","1","51.0","28.0"
"1","0.328997276","0.57719578","0","74.41688178","3.0","1.0","1","5","4.0","2.0","0","69.0","28.0"
"1","0.575168014","0.630456859","0","61.62998912","3.0","2.0","1","3","1.0","2.0","1","64.0","19.0"
"0","0.394440247","0.165040125","-1","69.2016095","1.0","1.0","4","5","3.0","","0","82.0","46.0"
"0","0.674672059","0.710012351","1","68.77233361","1.0","2.0","1","2","4.0","3.0","1","27.0","43.0"
"0","0.604215113","0.403632141","0","67.41220156","1.0","2.0","4","3","3.0","2.0","1","72.0","59.0"
"0","0.560084746","0.566141231","-1","67.71087856","0.0","2.0","4","1","1.0","2.0","1","90.0","51.0"
"1","0.370863801","0.791350851","-1","55.33734292","3.0","1.0","4","3","4.0","2.0","0","85.0","47.0"
"1","0.904070274","0.258840166","-1","","2.0","3.0","4","4","2.0","2.0","0","26.0","43.0"
"1","0.802577285","0.444388768","0","56.16279676","2.0","-2.0","1","1","4.0","2.0","0","-5.0","43.0"
"0","0.522584054","0.786796116","0","67.83504658","0.0","1.0","5","3","2.0","3.0","1","31.0","70.0"
"1","0.629498253","0.729336979","0","52.68746324","2.0","3.0","5","4","2.0","2.0","","39.0","52.0"
"1","0.628244058","0.38061633","-1","56.81586992","2.0","1.0","2","4","2.0","3.0","0","","92.0"
"0","0.753546158","0.302722074","-1","65.86038365","1.0","2.0","5","3","3.0","4.0","0","64.0","42.0"
"0","0.535283168","","1","59.83793263","1.0","2.0","2","5","","1.0","1","","45.0"
"0","0.842280702","0.70466047","-1","57.98456756","-1.0","2.0","5","4","2.0","2.0","1","20.0","52.0"
"0","0.211277232","0.291950573","0","60.0132578","1.0","-1.0","5","5","2.0","2.0","0","","22.0"
"1","0.661660404","0.652282598","0","61.26188303","2.0","1.0","2","1","1.0","3.0","1","58.0","51.0"
"1","0.211193155","0.481987495","0","62.40502235","3.0","2.0","3","4","2.0","3.0","1","27.0","75.0"
"1","0.519295568","0.494977744","-1","","3.0","3.0","5","1","5.0","2.0","1","47.0","47.0"
"0","0.494704989","1.080197995","-1","68.3584414","1.0","2.0","5","3","4.0","3.0","1","15.0","24.0"
"0","0.276416381","0.289042704","-1","66.2062639","","2.0","4","1","3.0","4.0","0","50.0","61.0"
"0","0.885642124","0.344689141","-1","59.04475553","1.0","2.0","4","5","1.0","3.0","0","50.0","-9.0"
"0","0.536639604","0.581357111","-1","71.44800226","1.0","2.0","3","1","3.0","2.0","","38.0","72.0"
"0","0.391309703","0.521744718","0","58.93233176","1.0","-1.0","2","1","3.0","3.0","0","2.0","37.0"
"1","0.360420542","0.289545667","0","61.74835252","3.0","1.0","3","","4.0","2.0","0","69.0","42.0"
"0","0.540724932","0.297467753","1","73.2213407","1.0","1.0","4","5","2.0","2.0","0","36.0","65.0"
"0","0.14100782","0.161070152","-1","56.77380684","-1.0","2.0","1","4","2.0","3.0","","36.0","13.0"
"1","0.549918906","0.272460195","-1","51.32097878","2.0","2.0","4","4","4.0","4.0","0","12.0","70.0"
"0","0.449050612","0.70391146","-1","71.86998963","1.0","1.0","3","4","2.0","1.0","","47.0","81.0"
"0","0.684150893","0.591320899","0","70.22787483","1.0","3.0","5","2","2.0","2.0","1","58.0","44.0"
"0","0.715510218","0.72574449","0","61.80916442","1.0","2.0","2","2","6.0","3.0","0","","75.0"
"0","0.453764796","0.408969306","0","63.23357587","0.0","2.0","","3","2.0","2.0","1","84.0","4.0"
"0","0.576652669","0.712605936","-1","73.2203628","1.0","0.0","5","4","2.0","3.0","1","60.0","40.0"
"0","0.321586973","0.293539302","-1","58.81657182","1.0","2.0","","4","2.0","2.0","0","56.0","38.0"
"0","0.216131959","","0","","1.0","2.0","2","4","3.0","2.0","0","67.0","42.0"
"1","0.321856002","0.558160147","1","","4.0","","4","2","4.0","1.0","0","72.0","80.0"
"0","0.507696929","","1","56.59123441","0.0","2.0","4","4","","2.0","0","71.0","68.0"
"1","0.176576434","0.047710076","-1","55.77946846","4.0","2.0","5","4","3.0","1.0","0","67.0","24.0"
"0","0.389116833","0.597689045","1","57.86346029","1.0","3.0","4","4","2.0","5.0","0","46.0","56.0"
"0","0.54641526","0.508712547","1","57.46706627","0.0","1.0","4","3","3.0","3.0","1","47.0","51.0"
"1","0.291748052","0.313047227","0","47.69407098","2.0","2.0","5","3","0.0","2.0","1","35.0","50.0"
"1","0.272476267","0.351606924","-1","62.39810995","3.0","1.0","4","4","3.0","3.0","1","43.0","41.0"
"1","0.594088537","0.402038551","1","","3.0","3.0","5","1","3.0","2.0","0","35.0","71.0"
"0","0.875833973","0.315139742","0","58.54912757","","1.0","2","3","2.0","3.0","1","37.0","20.0"
"1","0.770441734","0.765767726","0","54.31713604","2.0","3.0","","3","3.0","3.0","1","9.0","25.0"
"1","0.724266443","0.198515048","1","55.78186895","2.0","1.0","4","4","2.0","0.0","1","10.0","32.0"
"0","0.279966225","0.4664262","-1","75.48218712","0.0","1.0","2","2","1.0","1.0","0","42.0","65.0"
"1","1.022598279","0.616148073","-1","61.22307782","2.0","2.0","1","2","2.0","2.0","0","41.0","54.0"
"0","0.46158555","0.354273854","1","73.46687562","","1.0","","4","2.0","3.0","1","50.0","49.0"
"0","0.324150232","0.549060675","0","51.12420896","1.0","3.0","4","2","1.0","3.0","0","43.0","33.0"
"0","0.423049632","0.656322354","0","72.26928564","1.0","1.0","1","4","4.0","1.0","0","21.0","28.0"
"0","0.753363852","0.406553498","0","69.69933617","0.0","3.0","4","4","6.0","2.0","1","45.0","40.0"
"0","0.565694527","0.511711127","1","62.06101158","1.0","2.0","5","4","1.0","3.0","1","48.0","11.0"
"1","0.32394374","0.350793312","-1","79.65469928","3.0","0.0","4","4","3.0","4.0","1","71.0","56.0"
"1","","0.574188254","0","","2.0","0.0","","2","4.0","1.0","0","65.0","37.0"
"1","0.34950112","0.220938695","0","62.12183127","3.0","3.0","4","3","1.0","1.0","1","5.0","47.0"
"1","0.471188234","0.70565253","0","66.70769214","3.0","1.0","","5","4.0","3.0","0","70.0","33.0"
"0","0.415961433","0.500439838","","66.37509325","0.0","2.0","2","4","2.0","","1","75.0","54.0"
"0","0.120076133","0.478199474","0","54.37268194","1.0","1.0","4","2","4.0","3.0","0","","70.0"
"0","0.967258679","0.52994867","0","59.81840386","0.0","3.0","5","3","2.0","2.0","1","38.0","58.0"
"1","0.303789255","0.366633924","-1","56.71836029","2.0","2.0","2","3","2.0","3.0","0","53.0","19.0"
"0","0.475340745","0.46184001","","67.63898269","1.0","1.0","3","3","2.0","2.0","1","44.0","60.0"
"1","0.631892552","0.416072028","0","60.20754824","3.0","2.0","3","1","3.0","4.0","0","45.0","54.0"
"0","0.33232299","0.537495508","1","94.20764122","1.0","1.0","5","3","3.0","4.0","0","90.0","70.0"
"0","0.375878073","0.456230968","-1","63.72208044","0.0","0.0","5","5","2.0","5.0","1","68.0","84.0"
"0","0.838059177","-0.004318524","-1","","1.0","1.0","","5","1.0","3.0","","26.0","17.0"
"0","0.861814461","0.75989786","-1","63.76276723","1.0","2.0","5","3","2.0","2.0","0","52.0","51.0"
"1","","0.532599241","-1","66.08103636","","1.0","2","1","4.0","2.0","0","47.0","113.0"
"0","0.349660017","0.892473492","1","73.09014016","0.0","","","4","3.0","3.0","1","38.0","79.0"
"1","0.618710208","0.352401719","0","73.49227886","2.0","2.0","4","5","0.0","1.0","0","39.0","64.0"
"1","0.861058362","0.422668214","0","62.23866721","2.0","4.0","5","2","2.0","2.0","1","45.0","66.0"
"0","0.772117491","0.740847235","0","71.40978091","1.0","3.0","","1","2.0","3.0","1","74.0","37.0"
"0","0.700376092","0.692388425","0","71.20993873","1.0","0.0","4","3","","3.0","0","75.0","62.0"
"0","0.35972705","0.502871948","-1","67.7204024","1.0","2.0","2","4","4.0","2.0","1","","71.0"
"1","0.320848248","0.481534868","-1","62.71346579","3.0","1.0","5","4","2.0","3.0","0","53.0","54.0"
"0","0.721569175","0.669288899","0","65.35747272","1.0","2.0","4","5","2.0","2.0","0","36.0","46.0"
"0","0.303974192","0.473679482","0","66.39098506","1.0","3.0","5","3","2.0","3.0","0","56.0","60.0"
"1","0.40902976","0.597952478","-1","68.20831989","3.0","2.0","","5","3.0","3.0","1","64.0","56.0"
"1","0.492202198","0.308856191","1","68.4183958","2.0","2.0","2","4","1.0","2.0","0","45.0","73.0"
"0","0.439233719","0.468886984","-1","84.61805534","","1.0","","2","2.0","3.0","1","41.0","41.0"
"1","0.404211533","0.49914149","1","58.37286944","2.0","2.0","1","3","4.0","3.0","1","61.0","30.0"
"1","0.36533879","0.985426267","","67.66695564","2.0","1.0","3","5","2.0","2.0","1","45.0","48.0"
"0","0.918340739","0.6461479","0","71.27431155","1.0","1.0","2","4","2.0","1.0","0","","43.0"
"0","0.366195381","0.353470501","-1","62.00498871","0.0","0.0","1","4","2.0","3.0","0","44.0","72.0"
"0","0.747372502","0.747162007","1","67.88157605","1.0","0.0","","4","4.0","4.0","1","48.0","72.0"
"1","0.412131678","0.507405898","0","53.85194076","2.0","3.0","2","5","1.0","3.0","0","58.0","63.0"
"0","0.514731562","","-1","63.81092912","1.0","1.0","3","5","2.0","3.0","0","81.0","35.0"
"0","0.370386262","0.318896204","0","69.11767131","1.0","2.0","2","2","3.0","3.0","0","71.0","23.0"
"1","0.442450146","0.642704503","0","53.29976697","2.0","0.0","5","3","3.0","3.0","1","53.0","112.0"
"0","0.532004357","0.808184682","0","78.54820339","","1.0","5","5","2.0","3.0","0","28.0","48.0"
"0","0.579049151","0.475686995","1","71.72562894","1.0","1.0","4","1","4.0","3.0","0","67.0","41.0"
"1","0.475144099","0.405407863","-1","","2.0","1.0","2","4","3.0","2.0","1","77.0","60.0"
"0","0.641558368","","1","62.51203654","","0.0","3","5","4.0","1.0","0","50.0","49.0"
"1","0.208448952","0.179453086","0","69.41279801","3.0","1.0","3","1","2.0","3.0","0","10.0","73.0"
"0","0.447595106","0.150564417","1","58.63553745","1.0","0.0","1","4","3.0","1.0","1","52.0","43.0"
"1","0.429357572","0.870080905","1","63.95344538","3.0","2.0","1","","4.0","3.0","1","87.0","88.0"
"1","0.714936442","0.441175669","-1","70.25223147","2.0","3.0","3","5","3.0","3.0","0","22.0","19.0"
"1","0.871241469","0.686421838","-1","67.63273899","3.0","1.0","2","4","2.0","3.0","1","56.0","23.0"
"0","0.757393269","0.104476104","1","62.57357507","1.0","3.0","4","3","2.0","3.0","1","60.0","52.0"
"0","0.012940731","0.156013801","1","78.41427556","0.0","1.0","3","4","2.0","3.0","0","90.0","12.0"
"0","0.118092663","0.216367984","-1","65.57013006","1.0","1.0","3","5","1.0","3.0","1","44.0","54.0"
"0","0.296197487","0.45150407","","63.54992332","1.0","3.0","3","2","5.0","3.0","1","12.0","78.0"
"0","0.698963104","0.489388949","1","62.77019878","0.0","2.0","1","3","4.0","3.0","0","","61.0"
"0","0.415584115","0.785040767","1","77.59711527","1.0","3.0","1","3","3.0","3.0","0","52.0","12.0"
"0","0.699688822","0.42314174","","71.19803885","1.0","0.0","5","3","1.0","2.0","1","51.0","57.0"
"1","0.773190519","0.2600019","0","64.9177393","2.0","1.0","4","4","2.0","4.0","1","49.0","74.0"
"1","0.706210059","0.380021001","0","58.83291847","3.0","2.0","4","2","2.0","2.0","","29.0","30.0"
"1","0.547239653","1.002856676","0","50.56992599","2.0","2.0","1","5","4.0","4.0","1","92.0","35.0"
"0","0.522610204","0.392289211","-1","59.91606112","1.0","0.0","2","1","2.0","4.0","1","45.0","26.0"
"0","0.498949326","0.51694387","0","62.46554411","1.0","2.0","2","2","2.0","1.0","1","65.0","63.0"
"0","0.166868149","0.507939793","1","70.767339","1.0","0.0","5","2","1.0","2.0","1","","69.0"
"0","0.574974004","0.609010342","","67.86836274","1.0","","","4","3.0","4.0","0","60.0","32.0"
"0","0.178554197","0.258944269","0","72.94695683","-1.0","2.0","4","5","2.0","3.0","0","63.0","53.0"
"1","0.732999527","0.568500298","-1","","3.0","2.0","5","3","","2.0","0","29.0","51.0"
"0","0.506329054","0.2623075","0","60.54194753","1.0","2.0","5","1","2.0","3.0","1","47.0","21.0"
"0","0.544463545","0.709215401","-1","72.50963091","1.0","1.0","2","3","","4.0","0","80.0","59.0"
"1","0.653971757","0.588243081","-1","63.82465479","2.0","3.0","3","2","2.0","2.0","1","30.0","63.0"
"0","0.81827892","0.523696812","0","78.02227597","1.0","0.0","2","5","2.0","4.0","0","64.0","65.0"
"0","0.480194379","0.570903917","1","55.80950767","1.0","2.0","2","5","1.0","3.0","0","57.0","77.0"
"0","0.199333675","0.470755676","1","74.19835177","1.0","1.0","5","5","2.0","2.0","0","44.0","38.0"
"0","0.37389015","0.419406421","0","52.81905485","1.0","1.0","2","1","4.0","0.0","0","54.0","34.0"
"0","0.634833942","0.015416745","-1","60.50898179","1.0","2.0","4","2","2.0","4.0","1","27.0","36.0"
"0","0.525510906","0.512571449","1","65.64982462","1.0","2.0","5","2","2.0","2.0","1","41.0","64.0"
"0","0.414950418","0.592348951","1","65.58030378","1.0","0.0","5","1","3.0","2.0","1","35.0","87.0"
"0","0.665193388","0.476482797","1","62.38713033","1.0","2.0","4","4","3.0","1.0","0","67.0","29.0"
"0","0.626340561","0.781297837","0","71.08777716","1.0","2.0","3","1","1.0","1.0","1","","61.0"
"1","0.733424217","0.538266691","-1","76.56152207","2.0","2.0","4","4","1.0","1.0","0","47.0","25.0"
"1","0.418091429","0.372160077","1","53.66000787","2.0","1.0","5","1","3.0","3.0","0","49.0","50.0"
"0","0.531705769","0.703615696","1","73.17214579","1.0","2.0","1","3","3.0","1.0","0","69.0","39.0"
"1","0.043659179","0.713827972","1","53.20028162","2.0","1.0","5","1","1.0","2.0","0","34.0","66.0"
"0","0.568586155","0.487293665","0","61.28108422","","1.0","2","2","2.0","2.0","1","74.0","64.0"
"0","0.863633071","0.517362397","0","","","2.0","4","2","5.0","4.0","1","26.0","79.0"
"0","0.721891499","0.929873122","-1","78.98206196","1.0","2.0","1","5","3.0","4.0","0","50.0","45.0"
"0","0.580092216","0.474367425","0","67.63051919","","1.0","3","3","2.0","2.0","1","67.0","13.0"
"0","0.566989613","0.604875352","1","70.86566294","1.0","1.0","4","3","4.0","3.0","0","60.0",""
"1","0.470529979","0.593036318","-1","64.65204756","2.0","1.0","5","3","4.0","3.0","1","78.0","55.0"
"1","0.384326812","0.698392426","1","63.88192767","3.0","2.0","3","1","3.0","2.0","0","51.0","67.0"
"0","0.601705074","0.388744758","-1","63.373325","1.0","1.0","4","1","2.0","1.0","","60.0","46.0"
"1","0.385473369","0.356916697","-1","71.39278862","3.0","0.0","2","3","1.0","2.0","0","","45.0"
"1","0.242167173","0.475357922","0","","2.0","2.0","1","2","3.0","2.0","","75.0","62.0"
"0","0.540277833","0.365349663","-1","53.04793877","0.0","2.0","3","1","3.0","3.0","1","","61.0"
"0","0.659876114","0.877725193","0","68.73947255","1.0","0.0","1","3","4.0","3.0","1","79.0",""
"0","0.483368165","0.573468983","-1","67.33281884","1.0","1.0","4","","3.0","1.0","1","","42.0"
"1","0.43561485","0.728729683","0","52.22901974","2.0","1.0","3","3","1.0","4.0","","32.0","61.0"
"1","0.534297857","0.491661603","-1","70.39467237","2.0","0.0","2","3","4.0","2.0","1","42.0","37.0"
"0","0.914556063","0.524937896","0","69.30757183","1.0","3.0","5","5","1.0","","1","69.0","19.0"
"0","0.740749671","0.256859115","0","62.21560795","1.0","0.0","3","5","2.0","1.0","0","27.0","55.0"
"1","0.041226645","0.493339846","","58.84997599","3.0","2.0","5","5","3.0","3.0","0","","89.0"
"0","0.61009609","0.571013272","1","56.30793386","1.0","","2","","2.0","2.0","0","52.0","29.0"
"0","0.192461791","0.419796349","0","53.84809239","1.0","1.0","2","2","2.0","3.0","1","",""
"0","0.652059807","0.576819164","0","49.21407198","1.0","4.0","1","2","","2.0","0","37.0","46.0"
"1","0.795794858","0.581654847","","60.95195903","2.0","2.0","1","1","1.0","3.0","1","43.0","47.0"
"0","0.489350071","0.418540545","0","73.10756173","1.0","2.0","2","3","3.0","1.0","0","13.0","46.0"
"0","0.292525708","0.395835901","0","73.84122286","1.0","0.0","1","3","2.0","3.0","0","40.0","46.0"
"1","0.604331128","0.373744701","0","63.37079854","2.0","0.0","2","1","2.0","2.0","1","69.0","28.0"
"0","0.505657604","0.391979102","1","62.68105865","1.0","1.0","1","4","4.0","2.0","0","66.0","48.0"
"0","0.555486443","0.340654091","1","","0.0","2.0","1","4","3.0","4.0","1","34.0","35.0"
"1","0.397287124","0.428070206","1","56.50527928","3.0","","5","4","2.0","1.0","0","44.0",""
"1","0.605100008","0.637686139","1","71.37590995","4.0","2.0","4","4","2.0","2.0","1","62.0","39.0"
"1","0.56269506","0.344236687","1","68.03508666","2.0","0.0","3","3","3.0","4.0","0","44.0","63.0"
"0","0.506862283","0.639504381","-1","54.09837194","1.0","3.0","1","5","1.0","3.0","0","79.0","72.0"
"0","0.626739571","0.365756805","0","68.43871023","1.0","2.0","","2","2.0","2.0","1","67.0","40.0"
"1","0.379312068","0.925891641","1","70.53979478","3.0","2.0","1","4","3.0","3.0","0","35.0","42.0"
"0","0.241624922","0.585593222","-1","73.21543283","1.0","2.0","3","2","3.0","2.0","1","72.0","86.0"
"1","0.665910111","0.361096669","","64.40772879","2.0","1.0","5","1","3.0","2.0","0","28.0","58.0"
"0","0.662314927","0.463192891","1","68.6204347","0.0","4.0","4","2","3.0","","0","44.0","48.0"
"1","0.587795622","0.240053066","-1","54.51707474","2.0","2.0","4","5","2.0","3.0","1","48.0","8.0"
"1","0.277055919","0.333439154","0","68.45887246","3.0","2.0","4","4","4.0","3.0","1","17.0","54.0"
"0","0.820812146","0.411837258","-1","57.33746107","1.0","2.0","3","3","1.0","2.0","1","40.0","43.0"
"1","","0.483163005","0","62.68231826","2.0","1.0","4","1","4.0","2.0","1","57.0",""
"0","0.171621251","0.064302","-1","69.6001532","0.0","","1","2","2.0","2.0","1","","40.0"
"1","0.325778126","0.527051531","-1","","2.0","1.0","2","1","2.0","2.0","0","",""
"0","0.62482487","0.668822631","1","66.77682637","1.0","2.0","5","4","2.0","3.0","0","18.0","52.0"
"1","0.431749727","0.778132429","1","56.56206045","2.0","1.0","5","3","0.0","1.0","1","","24.0"
"1","0.44192118","1.036021543","","64.863137","2.0","2.0","5","2","4.0","2.0","1","46.0","5.0"
"0","0.139806745","0.547049231","-1","73.92745888","1.0","2.0","5","1","3.0","3.0","","20.0","10.0"
"0","0.281797187","0.620535105","-1","87.29349113","0.0","3.0","2","5","3.0","3.0","0","28.0","42.0"
"1","0.472262238","0.334986725","1","77.15043943","3.0","2.0","5","2","5.0","4.0","1","15.0","64.0"
"0","0.538013572","0.818456421","1","78.01065772","1.0","1.0","","2","3.0","","0","20.0","39.0"
"1","0.399856724","0.591522523","-1","56.35493333","2.0","1.0","3","5","3.0","3.0","1","64.0","77.0"
"1","0.566332527","0.70323484","0","61.22262691","3.0","2.0","4","5","3.0","3.0","0","14.0","58.0"
"0","0.399986357","0.639376623","1","69.85266317","1.0","3.0","1","1","3.0","","1","40.0","37.0"
"0","0.47827758","0.686161139","1","60.76836301","1.0","1.0","4","5","2.0","2.0","1","36.0","24.0"
"1","0.436889099","0.184521069","1","63.38376628","2.0","2.0","3","4","2.0","3.0","1","80.0","77.0"
"0","0.4807415","0.661740094","1","","0.0","2.0","4","3","2.0","1.0","0","37.0","46.0"
"0","0.671272645","0.421924987","0","60.76472745","1.0","1.0","3","1","4.0","2.0","0","52.0","64.0"
"0","0.271503797","0.374635777","","59.19113958","1.0","2.0","4","4","3.0","5.0","0","70.0","43.0"
"1","0.27449777","0.719195602","-1","63.19680594","3.0","1.0","4","3","5.0","3.0","0","66.0","40.0"
"0","0.307522341","0.212063574","1","73.29276483","1.0","1.0","3","","3.0","4.0","0","22.0","43.0"
"0","0.629315025","0.207322649","-1","68.29577061","1.0","1.0","1","4","2.0","1.0","0","58.0","44.0"
"1","0.350959292","0.646734641","0","63.26972381","3.0","-1.0","2","2","1.0","1.0","0","27.0","58.0"
"1","","0.24353231","-1","67.43998536","1.0","2.0","5","5","2.0","5.0","1","45.0","48.0"
"1","0.52660918","0.364826068","-1","61.3737985","3.0","0.0","3","1","0.0","2.0","0","91.0","16.0"
"0","0.17849303","0.40816951","-1","66.80420055","1.0","2.0","4","4","4.0","3.0","1","38.0","39.0"
"0","0.320435922","0.246773957","-1","63.29272188","1.0","2.0","","1","2.0","2.0","1","40.0","36.0"
"1","0.337345421","0.776899887","0","72.31929899","3.0","1.0","3","1","4.0","3.0","1","71.0","74.0"
"0","0.4508838","0.335252607","","58.32344219","0.0","1.0","1","4","3.0","1.0","0","59.0","61.0"
"0","0.368692944","0.360875783","1","68.10527333","1.0","1.0","1","2","3.0","1.0","1","33.0","40.0"
"0","0.373769631","0.588694905","1","59.48250562","1.0","3.0","4","5","4.0","1.0","0","58.0","43.0"
"0","0.812040835","0.581758959","0","72.07121157","1.0","3.0","2","5","3.0","2.0","1","61.0","36.0"
"0","0.608732492","0.551192197","-1","67.00571184","1.0","1.0","5","3","2.0","3.0","1","70.0","17.0"
"0","0.198456969","0.51185099","1","71.46589357","","0.0","4","4","3.0","3.0","1","30.0","31.0"
"0","0.694607939","0.617305001","-1","77.23361509","1.0","2.0","1","2","2.0","2.0","1","55.0","55.0"
"1","0.603997881","0.519524245","-1","50.19113026","2.0","1.0","3","4","2.0","3.0","0","33.0","41.0"
"0","0.567888656","0.524123217","0","72.01320814","1.0","2.0","1","4","5.0","2.0","0","34.0","33.0"
"1","0.724242457","0.4409902","0","62.43944541","2.0","1.0","2","2","3.0","1.0","0","43.0","66.0"
"1","0.422942507","0.464917881","0","54.70522177","2.0","2.0","5","4","3.0","1.0","0","49.0","39.0"
"0","0.308197543","0.617574938","0","66.12009505","1.0","0.0","2","1","3.0","3.0","0","28.0","72.0"
"1","0.287142622","0.723271797","1","66.23161564","3.0","1.0","5","2","1.0","3.0","0","50.0","55.0"
"1","0.534100817","0.50995113","1","65.1502212","2.0","0.0","2","","2.0","2.0","0","31.0","45.0"
"0","0.355120778","0.755194419","-1","","1.0","3.0","5","4","2.0","4.0","0","90.0","70.0"
"0","0.941387169","0.604772694","1","57.89213501","1.0","0.0","4","2","3.0","2.0","1","34.0","79.0"
"0","0.281827834","0.518626693","-1","63.61977868","1.0","1.0","2","3","0.0","3.0","0","60.0",""
"1","0.565523211","0.773999004","-1","65.16295338","2.0","2.0","5","3","","2.0","1","58.0","63.0"
"0","0.393103878","0.227534209","0","61.90854692","","0.0","1","4","3.0","2.0","1","52.0","44.0"
"1","0.288642714","","-1","59.9871111","3.0","1.0","4","2","2.0","3.0","1","3.0",""
"0","0.497826524","0.523665455","1","65.26078242","1.0","2.0","5","3","2.0","3.0","0","58.0","23.0"
"1","0.216099842","0.446269876","-1","60.17901799","3.0","1.0","5","4","3.0","","0","55.0","56.0"
"0","0.20776137","0.612788877","1","70.88675142","1.0","-1.0","3","3","3.0","1.0","0","75.0","51.0"
"0","0.173204846","0.464503532","-1","63.94947176","-1.0","2.0","5","3","3.0","2.0","0","55.0","35.0"
"0","0.86521066","0.679628913","0","51.32745978","1.0","2.0","1","3","1.0","0.0","0","44.0","46.0"
"1","0.179523409","0.307512013","-1","71.2951709","2.0","3.0","1","4","1.0","2.0","","36.0","32.0"
"1","0.532083018","0.384405385","-1","69.05578627","4.0","2.0","2","","3.0","0.0","1","46.0","38.0"
"1","0.517897204","0.173297176","-1","71.79776067","2.0","2.0","2","4","1.0","2.0","1","45.0","60.0"
"0","0.325017426","0.575360569","0","71.44804974","","0.0","5","1","3.0","3.0","","44.0","19.0"
"0","0.785231533","0.543332874","0","56.29909664","1.0","","5","1","2.0","2.0","0","49.0","73.0"
"0","0.398133861","0.5392372","0","75.13350641","0.0","1.0","2","4","1.0","3.0","1","39.0","97.0"
"1","0.413568487","0.528638427","-1","64.41073241","3.0","1.0","3","1","3.0","3.0","0","38.0",""
"0","0.533065492","0.612483198","0","59.30702603","1.0","1.0","1","4","3.0","2.0","0","57.0","62.0"
"0","0.728997725","0.22162233","0","53.92210038","1.0","1.0","2","5","3.0","2.0","1","39.0","22.0"
"1","0.627782719","0.479522884","0","61.87585556","2.0","1.0","1","5","3.0","2.0","1","31.0","14.0"
"0","0.604168823","0.208318079","-1","63.92332551","1.0","2.0","4","5","2.0","3.0","0","27.0","42.0"
"1","0.369853339","0.395115584","1","74.77673227","2.0","1.0","1","1","3.0","3.0","1","78.0","64.0"
"0","0.705604195","0.563851331","0","63.57295534","1.0","2.0","3","5","4.0","4.0","0","61.0","26.0"
"1","0.678352641","0.429692492","","73.08937343","2.0","-1.0","4","1","2.0","4.0","1","32.0","50.0"
"1","0.094414982","0.358537654","0","","3.0","1.0","1","3","3.0","2.0","0","68.0","21.0"
"1","0.521490771","0.085927365","-1","61.01658992","2.0","0.0","5","2","3.0","","0","33.0","43.0"
"0","0.314576031","0.378867038","0","62.11962184","0.0","3.0","4","3","3.0","","0","51.0","52.0"
"1","0.553964901","0.484087092","-1","53.53299432","2.0","2.0","2","1","1.0","","1","55.0","64.0"
"1","0.426023483","0.549101673","-1","61.55123056","3.0","1.0","2","1","4.0","3.0","0","77.0","30.0"
"1","0.734118593","0.0616685","0","71.06537804","4.0","2.0","1","4","2.0","2.0","0","45.0","46.0"
"0","0.206250377","0.50080198","","55.33373537","0.0","2.0","1","5","2.0","4.0","0","64.0","90.0"
"1","0.844504362","0.304653707","0","71.75298679","2.0","2.0","4","5","4.0","2.0","1","","61.0"
"1","0.198013504","0.749466679","-1","66.97891752","3.0","0.0","2","1","3.0","2.0","1","65.0","32.0"
"1","0.428421464","0.771854954","0","","2.0","2.0","2","4","2.0","2.0","0","50.0","43.0"
"0","0.568262841","0.322388069","1","70.37023865","1.0","1.0","1","1","3.0","2.0","1","35.0","71.0"
"1","0.801356772","0.539374097","1","70.4796886","2.0","2.0","1","4","3.0","2.0","0","","22.0"
"0","0.342514774","0.669487282","-1","64.9715536","1.0","1.0","3","4","4.0","1.0","1","66.0","14.0"
"0","0.075550423","0.58084099","1","64.19537368","1.0","1.0","5","5","1.0","2.0","1","","60.0"
"0","0.928299056","0.595178051","-1","73.99644367","1.0","1.0","2","4","4.0","5.0","1","28.0","48.0"
"1","0.592429811","0.245397356","1","66.21682453","2.0","-1.0","5","2","1.0","0.0","1","73.0","28.0"
"0","0.552614701","0.801062392","","49.21924011","1.0","0.0","5","2","3.0","3.0","0","58.0","51.0"
"0","0.6856343","0.450206743","0","58.92623468","1.0","2.0","1","2","3.0","2.0","1","60.0","112.0"
"0","0.422115438","0.402243444","1","75.40515424","1.0","3.0","5","4","3.0","1.0","1","52.0","39.0"
"0","0.113396553","0.260561653","1","","0.0","1.0","3","1","2.0","4.0","0","","32.0"
"1","","0.574470076","-1","72.39676903","2.0","2.0","3","3","2.0","","1","","48.0"
"0","0.177273204","0.212542361","0","65.410487","1.0","4.0","2","1","3.0","2.0","1","35.0","60.0"
"0","0.496051592","0.847580926","-1","69.89826745","0.0","1.0","3","5","3.0","3.0","0","31.0","31.0"
"1","0.249929939","0.376510882","","71.76433536","2.0","3.0","3","5","3.0","5.0","1","27.0","44.0"
"1","0.418636049","0.493767765","0","69.72073995","3.0","2.0","1","4","4.0","3.0","1","43.0","62.0"
"0","0.354395198","0.754611054","1","58.64941209","0.0","1.0","4","4","1.0","4.0","0","42.0","63.0"
"0","0.534985594","0.580139199","1","77.83557945","1.0","","2","1","3.0","3.0","0","32.0","85.0"
"0","0.754005726","0.251203521","1","70.33476723","1.0","0.0","4","4","3.0","2.0","1","64.0","101.0"
"1","0.208614236","0.284752981","0","66.26670069","2.0","3.0","","1","3.0","3.0","1","56.0","61.0"
"0","0.490188913","0.897251332","0","71.37655768","1.0","1.0","","4","0.0","3.0","0","30.0","55.0"
"1","","0.462593467","-1","68.04212031","0.0","2.0","3","3","1.0","2.0","","51.0","65.0"
"0","0.62845462","0.512054113","-1","62.86793113","0.0","1.0","2","","3.0","2.0","0","25.0","41.0"
"0","0.565031067","0.37417462","1","56.23318966","1.0","3.0","2","4","1.0","1.0","1","44.0","18.0"
"0","0.592396612","0.419772417","0","66.64670932","0.0","2.0","1","4","2.0","","1","69.0","-1.0"
"1","0.887756985","0.390306841","-1","49.42703214","2.0","2.0","4","1","1.0","2.0","0","51.0","59.0"
"0","0.910286794","0.319597581","0","63.60657852","1.0","3.0","2","5","2.0","2.0","1","59.0","59.0"
"0","0.680404278","0.425093141","0","","1.0","3.0","2","5","3.0","2.0","0","66.0","58.0"
"1","0.451347564","0.861156989","-1","65.54547054","2.0","0.0","4","4","3.0","3.0","0","45.0","61.0"
"0","0.711056737","0.157369161","1","71.88913458","0.0","","1","5","2.0","3.0","1","67.0","70.0"
"0","0.269040294","0.546332703","-1","54.59598654","0.0","3.0","4","2","3.0","4.0","0","49.0","31.0"
"1","0.514801299","0.478470883","0","63.25090013","2.0","1.0","3","1","4.0","1.0","0","65.0","69.0"
"0","0.359246979","0.347305199","1","66.15999291","1.0","0.0","3","4","2.0","2.0","0","40.0","62.0"
"0","0.532756744","0.626751576","-1","66.8009938","1.0","1.0","5","5","2.0","4.0","1","13.0","52.0"
"1","0.778122454","0.28276287","-1","76.04356556","2.0","1.0","3","1","4.0","1.0","0","55.0","40.0"
"1","","0.569746477","1","61.75761212","4.0","2.0","1","5","2.0","3.0","0","67.0","39.0"
"1","","0.807217019","1","68.93060924","0.0","0.0","2","3","1.0","2.0","1","59.0","43.0"
"1","0.585554345","0.515320044","1","52.54349643","3.0","","4","3","3.0","2.0","1","52.0","28.0"
"1","0.77554099","0.748189353","0","","2.0","1.0","3","1","2.0","3.0","0","36.0","51.0"
"0","0.558939723","0.489409011","0","68.51121833","1.0","2.0","","4","2.0","3.0","1","68.0","42.0"
"1","0.594199472","0.592429064","0","59.79740281","2.0","","2","1","2.0","5.0","0","55.0","50.0"
"0","0.626353742","0.39665266","0","72.4106616","1.0","0.0","5","4","4.0","3.0","0","39.0","67.0"
"0","0.771785568","0.563819172","-1","67.79307831","1.0","2.0","3","2","","3.0","1","37.0","50.0"
"0","0.650598975","0.367948053","0","70.34081805","1.0","2.0","2","1","1.0","2.0","0","77.0","48.0"
"0","0.453985115","0.473955519","0","63.8401025","0.0","1.0","4","4","2.0","2.0","0","37.0","67.0"
"1","0.830328263","0.627226616","0","64.2764226","2.0","","3","5","2.0","3.0","0","45.0","39.0"
"1","0.612477363","0.803658415","1","59.10587172","3.0","1.0","5","4","2.0","1.0","1","72.0","46.0"
"1","0.486280464","0.919087125","-1","61.21471087","2.0","-1.0","","3","4.0","2.0","1","28.0","44.0"
"0","0.027563115","","0","","1.0","2.0","2","4","4.0","4.0","1","24.0","75.0"
"0","0.660315355","0.230958691","-1","","0.0","2.0","4","1","","3.0","0","","45.0"
"0","0.416272023","0.815666028","1","59.93876534","1.0","2.0","1","4","2.0","3.0","1","29.0","31.0"
"1","0.624877939","0.39160884","-1","63.93384042","2.0","3.0","3","3","3.0","3.0","0","54.0","59.0"
"1","0.129131694","0.611073506","1","57.20519695","3.0","-1.0","3","5","3.0","3.0","0","95.0","35.0"
"1","0.80000703","0.47861085","0","57.66003457","2.0","1.0","1","5","0.0","2.0","0","71.0","67.0"
"1","0.543684326","0.322525938","","73.37119438","2.0","2.0","3","5","4.0","2.0","0","53.0","23.0"
"1","0.547579587","0.852144266","0","62.08063405","2.0","1.0","3","1","2.0","2.0","0","45.0","62.0"
"0","0.451495582","0.209881412","1","66.21225287","0.0","","2","2","4.0","2.0","0","29.0","50.0"
"0","0.435426716","0.510364148","-1","70.38945964","1.0","1.0","2","2","2.0","3.0","1","58.0","37.0"
"1","0.569983161","0.420870739","-1","","2.0","1.0","3","1","3.0","4.0","1","29.0","46.0"
"1","0.625761013","0.798840964","-1","54.8070861","2.0","2.0","5","1","5.0","2.0","1","50.0","68.0"
"1","0.113068123","0.479162269","1","60.6150297","3.0","0.0","4","5","4.0","3.0","1","64.0","56.0"
"1","0.64996907","0.232121869","-1","68.28461563","3.0","","1","4","4.0","3.0","1","47.0","52.0"
"0","0.571636664","0.43750482","1","64.09365678","1.0","1.0","2","","3.0","2.0","0","48.0","50.0"
"1","0.411377308","0.45437847","0","74.45752837","2.0","1.0","4","1","3.0","2.0","1","","37.0"
"1","0.412981802","0.593940788","0","63.89154185","3.0","2.0","4","5","2.0","4.0","1","36.0","51.0"
"1","0.51290926","0.518779334","1","60.77833653","4.0","1.0","5","4","3.0","5.0","","42.0",""
"0","0.468237687","0.593702633","1","64.53829185","1.0","2.0","3","","3.0","3.0","1","34.0","62.0"
"0","0.385184734","0.376697549","-1","54.46313046","1.0","3.0","1","","2.0","2.0","0","50.0","38.0"
"1","0.369123193","0.594683231","1","61.89793566","3.0","2.0","5","4","2.0","1.0","0","64.0","54.0"
"0","0.562929725","0.752890872","1","57.33717491","1.0","1.0","2","","0.0","3.0","1","27.0","44.0"
"1","0.603339193","0.894109536","0","71.76400224","2.0","2.0","1","1","2.0","5.0","0","29.0","59.0"
"0","0.317466667","0.398767024","0","55.45451175","0.0","2.0","2","1","3.0","3.0","0","74.0","69.0"
"1","0.731995583","0.420439489","1","69.40683811","2.0","0.0","4","","2.0","2.0","0","55.0","76.0"
"1","0.197351823","0.789832309","0","56.83374762","3.0","","4","1","3.0","2.0","0","43.0","3.0"
"0","0.532695849","0.315808398","1","59.59125879","0.0","2.0","4","1","3.0","2.0","0","66.0","46.0"
"0","0.47870473","0.176299157","1","71.07970531","0.0","2.0","2","5","2.0","4.0","1","34.0","68.0"
"1","0.693877045","0.550073233","0","65.26547603","2.0","1.0","1","2","4.0","2.0","0","34.0","49.0"
"0","0.829619045","0.551634681","-1","75.44265777","","1.0","3","3","4.0","2.0","1","47.0","31.0"
"0","0.406984886","0.33810446","0","65.01844674","","3.0","5","2","4.0","3.0","1","19.0","14.0"
"1","0.560291544","0.130844554","-1","70.02768114","2.0","3.0","4","5","2.0","1.0","0","103.0","83.0"
"0","0.188877843","0.525797937","-1","71.84840541","1.0","1.0","","3","2.0","3.0","0","52.0","73.0"
"1","0.403177376","0.807556041","-1","59.63614468","2.0","0.0","3","5","3.0","1.0","1","37.0","53.0"
"1","0.227202891","0.743125616","0","63.49806645","3.0","3.0","3","2","3.0","3.0","0","72.0","45.0"
"0","0.492304624","0.276857465","-1","69.23361683","1.0","1.0","3","1","3.0","2.0","0","67.0","30.0"
"1","0.31496173","0.395179057","0","62.57042398","2.0","2.0","2","","2.0","2.0","0","47.0","46.0"
"0","0.433308128","0.599686452","-1","67.0737768","","-1.0","4","3","1.0","1.0","1","61.0","38.0"
"1","0.582596371","0.836922948","-1","70.76991772","3.0","1.0","2","1","3.0","3.0","1","33.0",""
"1","0.70898555","0.491404036","-1","62.75494073","4.0","3.0","3","5","3.0","2.0","0","92.0","28.0"
"1","0.763938328","0.302490213","1","68.85067201","2.0","1.0","3","1","2.0","4.0","1","84.0","95.0"
"1","0.412366441","0.479745613","-1","73.57573345","2.0","1.0","","2","3.0","3.0","0","37.0","64.0"
"0","0.383246542","0.502268736","-1","69.95715898","1.0","0.0","5","3","3.0","3.0","1","33.0","52.0"
"1","0.543708094","0.466903139","","61.98743359","2.0","1.0","1","5","4.0","3.0","0","62.0","42.0"
"1","0.557846718","0.26795583","-1","75.19681151","3.0","0.0","","3","3.0","2.0","0","68.0","40.0"
"1","0.689545959","0.600226181","0","59.64035124","2.0","4.0","4","","4.0","4.0","1","58.0","25.0"
"1","0.318328005","0.17147982","1","69.07755608","4.0","1.0","4","1","3.0","4.0","0","17.0","74.0"
"0","0.959935296","0.145423433","0","55.07419831","1.0","3.0","2","3","2.0","2.0","1","28.0","42.0"
"1","0.618933024","0.263117806","1","61.27601751","2.0","3.0","3","2","3.0","3.0","1","35.0","58.0"
"1","0.763555875","0.589254462","0","75.86725494","3.0","1.0","2","4","3.0","3.0","1","62.0","9.0"
"1","0.418371563","0.332678848","-1","60.60059736","2.0","2.0","2","4","1.0","2.0","","28.0","46.0"
"0","0.78772804","","0","61.54001357","1.0","2.0","2","4","3.0","2.0","1","37.0","32.0"
"1","0.397359084","0.802789904","1","77.71048631","3.0","2.0","2","3","2.0","3.0","0","28.0","76.0"
"1","0.705038958","0.402142831","0","71.79730921","2.0","2.0","3","5","3.0","2.0","0","70.0","64.0"
"0","0.395543028","0.682849927","1","","0.0","0.0","3","1","2.0","4.0","0","81.0","13.0"
"0","0.606800486","","0","63.24289735","-1.0","3.0","3","2","3.0","3.0","","24.0","57.0"
"0","0.633860107","","0","48.36551499","1.0","2.0","4","4","2.0","1.0","0","60.0","17.0"
"1","0.6084503","","0","72.87549968","3.0","1.0","3","","3.0","2.0","0","31.0","52.0"
"0","0.352371723","0.774133051","0","67.03031885","0.0","","4","4","4.0","2.0","0","87.0","38.0"
"1","0.697301732","0.578237632","1","69.15111903","2.0","0.0","3","5","","3.0","1","72.0","67.0"
"1","0.493752428","0.035898879","-1","58.6111347","2.0","2.0","1","2","0.0","1.0","1","53.0","54.0"
"0","0.518621834","0.4576039","0","","1.0","3.0","3","5","4.0","0.0","1","64.0",""
"0","0.338291803","0.197656884","-1","67.91997283","1.0","1.0","2","1","4.0","4.0","1","72.0","75.0"
"0","0.735381254","0.399024398","0","63.09520434","1.0","2.0","1","1","2.0","2.0","0","47.0","93.0"
"1","0.829872633","0.299241286","-1","69.95557666","2.0","2.0","1","1","1.0","2.0","1","74.0","53.0"
"1","","","-1","64.50405244","2.0","1.0","3","4","1.0","3.0","0","22.0","44.0"
"0","0.673818325","0.30715718","-1","69.77100422","1.0","0.0","5","2","3.0","2.0","0","28.0","81.0"
"1","0.181434687","0.713972807","-1","77.44213837","2.0","2.0","","1","4.0","3.0","0","66.0","39.0"
"0","0.668688544","0.324821833","0","60.7882521","0.0","1.0","4","2","3.0","2.0","1","39.0","31.0"
"0","0.915108999","0.437400276","-1","64.30365079","0.0","0.0","4","1","0.0","1.0","","51.0","36.0"
"0","0.510105721","0.419162333","0","71.73322673","1.0","1.0","4","2","3.0","5.0","0","42.0","59.0"
"1","","0.759183568","1","62.94969832","1.0","","3","2","3.0","3.0","0","48.0","77.0"
"1","0.292079554","0.055939169","0","66.14615754","3.0","-1.0","","1","3.0","","1","46.0","23.0"
"0","0.226618527","0.329621835","1","67.13729994","1.0","1.0","1","3","2.0","0.0","0","70.0","29.0"
"1","0.545967157","0.831895545","1","64.61437235","2.0","0.0","4","3","3.0","1.0","1","51.0","72.0"
"1","0.362979305","0.2298494","-1","65.95920062","3.0","2.0","1","3","1.0","2.0","0","6.0","70.0"
"1","0.525800338","0.613679767","0","81.39686952","2.0","0.0","1","2","2.0","3.0","0","34.0","42.0"
"0","0.451540636","0.390322704","0","76.00679074","1.0","2.0","4","2","3.0","4.0","1","66.0","56.0"
"0","0.406484035","0.46321063","0","65.71517202","1.0","2.0","5","3","3.0","2.0","1","74.0","30.0"
"0","0.213888168","","1","48.53055036","0.0","1.0","4","5","2.0","2.0","1","51.0","49.0"
"1","0.268174249","0.31677906","0","70.88868061","4.0","0.0","4","4","2.0","2.0","0","59.0","28.0"
"0","0.517230249","0.134407571","0","65.42314458","1.0","1.0","2","1","3.0","2.0","0","80.0","85.0"
"1","0.104168164","0.265535492","0","74.25990345","2.0","2.0","4","5","2.0","1.0","1","62.0",""
"0","0.583365456","0.462623652","1","68.63625116","1.0","0.0","4","2","3.0","2.0","0","95.0","56.0"
"1","0.48506525","0.639597025","-1","64.71991841","2.0","1.0","1","2","2.0","1.0","0","52.0","62.0"
"0","0.490001008","0.617085137","-1","69.66043065","1.0","1.0","2","4","2.0","1.0","1","53.0","72.0"
"1","0.464402236","0.386327266","0","73.97028478","2.0","2.0","3","5","","1.0","","72.0","12.0"
"0","0.614808278","0.60755893","1","78.13767577","1.0","2.0","5","4","2.0","4.0","1","74.0","40.0"
"1","0.710842521","0.421333764","","59.66371074","3.0","2.0","3","1","2.0","3.0","0","53.0","43.0"
"0","0.544492186","0.648725861","-1","66.84608927","-1.0","2.0","5","4","2.0","3.0","1","50.0","71.0"
"0","0.640434233","0.261268282","1","55.94719365","1.0","1.0","","3","3.0","2.0","1","44.0","38.0"
"1","0.550573092","0.711179251","1","64.9638956","2.0","2.0","3","5","1.0","","1","68.0","85.0"
"0","0.29287682","0.610318986","0","66.59274165","1.0","","4","3","3.0","2.0","0","67.0","52.0"
"1","0.707982356","0.718092374","-1","58.75227364","2.0","1.0","3","1","4.0","3.0","1","79.0","56.0"
"0","0.699676117","0.22464572","0","63.48448129","1.0","1.0","4","1","4.0","3.0","1","57.0","57.0"
"0","0.360763252","0.368805929","0","60.96857909","1.0","","1","5","3.0","3.0","1","63.0","28.0"
"1","0.34037119","0.226386882","1","60.22091145","2.0","2.0","4","5","3.0","3.0","1","24.0","40.0"
"0","0.764206738","0.343922699","0","61.53833073","0.0","1.0","1","5","5.0","3.0","","32.0","27.0"
